﻿编号,色泽,根蒂,敲声,纹理,脐部,触感,好瓜
0,青绿,蜷缩,浊响,清晰,凹陷,硬滑,是
1,乌黑,蜷缩,沉闷,清晰,凹陷,硬滑,是
2,乌黑,蜷缩,浊响,清晰,凹陷,硬滑,是
3,青绿,蜷缩,沉闷,清晰,凹陷,硬滑,是
4,浅白,蜷缩,浊响,清晰,凹陷,硬滑,是
5,青绿,稍蜷,浊响,清晰,稍凹,软粘,是
6,乌黑,稍蜷,浊响,稍糊,稍凹,软粘,是
7,乌黑,稍蜷,浊响,清晰,稍凹,硬滑,是
8,乌黑,稍蜷,沉闷,稍糊,稍凹,硬滑,否
9,青绿,硬挺,清脆,清晰,平坦 ,软粘,否
10,浅白,硬挺,清脆,模糊,平坦 ,硬滑,否
11,浅白,蜷缩,浊响,模糊,平坦 ,软粘,否
12,青绿,稍蜷,浊响,稍糊,凹陷,硬滑,否
13,浅白,稍蜷,沉闷,稍糊,凹陷,硬滑,否
14,乌黑,稍蜷,浊响,清晰,稍凹,软粘,否
15,浅白,蜷缩,浊响,模糊,平坦 ,软粘,否
16,青绿,蜷缩,沉闷,稍糊,稍凹,软粘,否
